2025-04-03 12:05:01,00:06
2025-04-03 12:07:45,00:11
2025-04-03 12:08:46,00:08
2025-04-03 12:09:18,00:04
2025-04-03 12:10:30,00:08
2025-04-03 12:14:34,00:11
2025-04-03 17:58:25,04:08
2025-04-03 18:36:48,00:53
2025-04-03 18:37:52,00:22
2025-04-03 18:50:47,00:05
2025-04-03 18:52:11,00:05
2025-04-03 18:52:46,00:03
2025-04-03 18:54:52,00:04
2025-04-03 18:56:49,00:08
2025-04-03 19:04:30,00:12
2025-04-03 19:07:11,00:16
2025-04-03 19:09:34,00:04
2025-04-03 19:10:45,00:06
2025-04-03 19:12:13,00:03
2025-04-03 19:15:47,00:02
2025-04-03 19:16:26,00:00
2025-04-03 19:16:36,00:02
2025-04-03 20:57:19,00:45
2025-04-03 20:59:04,00:08
2025-04-03 21:01:24,00:05
2025-04-04 10:13:55,00:15
2025-04-04 10:17:55,00:21
2025-04-04 10:18:46,00:10
